[
  {
    "serviceId": 1,
    "filename": "/assets/img/tutoring1.jpg"
  },
  {
    "serviceId": 1,
    "filename": "/assets/img/tutoring2.jpg"
  },
  {
    "serviceId": 1,
    "filename": "/assets/img/tutoring3.jpg"
  },
  {
    "serviceId": 1,
    "filename": "/assets/img/tutoring4.jpg"
  },
  {
    "serviceId": 2,
    "filename": "/assets/img/talking-together.jpg"
  },
  {
    "serviceId": 3,
    "filename": "/assets/img/laughing-grandma.jpg"
  },
  {
    "serviceId": 4,
    "filename": "/assets/img/elderly-computer.jpg"
  },
  {
    "serviceId": 5,
    "filename": "/assets/img/babysitting1.jpg"
  },
  {
    "serviceId": 5,
    "filename": "/assets/img/babysitting2.jpg"
  },
  {
    "serviceId": 5,
    "filename": "/assets/img/babysitting3.jpg"
  },
  {
    "serviceId": 6,
    "filename": "/assets/img/neet.jpg"
  }
]