[
  {
    "serviceId": 1,
    "personId": 1,
    "description": "Math, computer science, physics"
  },
  {
    "serviceId": 1,
    "personId": 2,
    "description": "Math, physics, chemistry"
  },
  {
    "serviceId": 1,
    "personId": 3,
    "description": "History and Math"
  },
  {
    "serviceId": 1,
    "personId": 4,
    "description": "Entrepreneurship"
  },
  {
    "serviceId": 1,
    "personId": 6,
    "description": "I'm good at everything"
  },
  {
    "serviceId": 2,
    "personId": 3,
    "description": "Level C1"
  },
  {
    "serviceId": 2,
    "personId": 14,
    "description": "Level C2"
  },
  {
    "serviceId": 2,
    "personId": 13,
    "description": "Native speaker"
  },
  {
    "serviceId": 2,
    "personId": 7,
    "description": "Native speaker"
  },
  {
    "serviceId": 2,
    "personId": 9,
    "description": "(Almost) Native speaker"
  },
  {
    "serviceId": 3,
    "personId": 5,
    "description": "Night-time caring"
  },
  {
    "serviceId": 3,
    "personId": 11,
    "description": "How to take care of you grandparents"
  },
  {
    "serviceId": 3,
    "personId": 7,
    "description": "Making a difference in someone else's life"
  },
  {
    "serviceId": 4,
    "personId": 1,
    "description": "Cybersecurity expert"
  },
  {
    "serviceId": 4,
    "personId": 2,
    "description": "Smartphones and tablets"
  },
  {
    "serviceId": 4,
    "personId": 4,
    "description": "High-tech devices"
  },
  {
    "serviceId": 4,
    "personId": 12,
    "description": "High-tech devices especially smart armors"
  },
  {
    "serviceId": 4,
    "personId": 13,
    "description": "Especially spying devices"
  },
  {
    "serviceId": 5,
    "personId": 8,
    "description": "Babies and teens"
  },
  {
    "serviceId": 5,
    "personId": 9,
    "description": "Babies and teens"
  },
  {
    "serviceId": 5,
    "personId": 11,
    "description": "Babies and teens"
  },
  {
    "serviceId": 5,
    "personId": 12,
    "description": "Babies and teens"
  },
  {
    "serviceId": 5,
    "personId": 13,
    "description": "Teens only"
  },
  {
    "serviceId": 6,
    "personId": 5,
    "description": "How not to be stigmatized"
  },
  {
    "serviceId": 6,
    "personId": 6,
    "description": "How not to lose your temper"
  },
  {
    "serviceId": 6,
    "personId": 8,
    "description": "How to be an independent woman"
  },
  {
    "serviceId": 6,
    "personId": 10,
    "description": "Mental health"
  },
  {
    "serviceId": 6,
    "personId": 12,
    "description": "How to handle celebrity"
  }
]